{"cameraMode":{"drawMode":0,"name":"Shaded","section":"Shading Mode"},"sceneLighting":true,"audioPlay":false,"sceneViewState":{"m_AlwaysRefresh":false,"showFog":true,"showSkybox":true,"showFlares":true,"showImageEffects":true,"showParticleSystems":true,"showVisualEffectGraphs":true,"m_FxEnabled":true},"in2DMode":false,"pivot":{"x":74.3499984741211,"y":2.429999351501465,"z":107.92999267578125},"rotation":{"x":-0.24399058520793916,"y":-0.13621102273464204,"z":0.034633684903383258,"w":-0.9595460295677185},"size":94.66106414794922,"orthographic":true}